id,first_name,last_name,email,gender,country,Age
1,Chryste,Lamerton,clamerton0@cloudflare.com,Female,Portugal,68
2,Eric,Metham,emetham1@miibeian.gov.cn,Male,Cuba,58
3,Barris,Palek,bpalek2@washington.edu,Male,Slovakia,77
4,Baird,Deaves,bdeaves3@barnesandnoble.com,Male,Indonesia,70
5,Siobhan,McMenemy,smcmenemy4@businessweek.com,Female,Russia,28
6,Richmound,Parrott,rparrott5@sina.com.cn,Male,China,28
7,Melessa,Curreen,mcurreen6@weibo.com,Female,Portugal,58
8,Bryn,Miklem,bmiklem7@yellowpages.com,Male,Pakistan,50
9,Madeline,Cutting,mcutting8@nydailynews.com,Female,Slovenia,74
10,Dall,Capnor,dcapnor9@thetimes.co.uk,Male,Indonesia,28